sample,location,date,celltype,conc
1,Confital_1,2020-04-28T00:00:00Z,nanoeuka,680.3757299
1,Confital_1,2020-04-28T00:00:00Z,picoeuka,6265.66416
1,Confital_1,2020-04-28T00:00:00Z,prochloro,8966.165414
1,Confital_1,2020-04-28T00:00:00Z,synecho,4868.421053
1,Confital_1,2020-04-28T00:00:00Z,hna,144451.6129
1,Confital_1,2020-04-28T00:00:00Z,lna,132000
2,Confital_1,2020-05-26T00:00:00Z,nanoeuka,467.7154832
2,Confital_1,2020-05-26T00:00:00Z,picoeuka,3070.820433
2,Confital_1,2020-05-26T00:00:00Z,prochloro,13815.78947
2,Confital_1,2020-05-26T00:00:00Z,synecho,7679.95356
2,Confital_1,2020-05-26T00:00:00Z,hna,234285.7143
2,Confital_1,2020-05-26T00:00:00Z,lna,125978.022
3,Confital_1,2020-07-06T00:00:00Z,nanoeuka,473.0368969
3,Confital_1,2020-07-06T00:00:00Z,picoeuka,3732.026144
3,Confital_1,2020-07-06T00:00:00Z,prochloro,27915.03268
3,Confital_1,2020-07-06T00:00:00Z,synecho,13797.38562
3,Confital_1,2020-07-06T00:00:00Z,hna,305000
3,Confital_1,2020-07-06T00:00:00Z,lna,129956.5217
4,Confital_1,2020-08-10T00:00:00Z,nanoeuka,355.2355236
4,Confital_1,2020-08-10T00:00:00Z,picoeuka,1518.829754
4,Confital_1,2020-08-10T00:00:00Z,prochloro,32959.85061
4,Confital_1,2020-08-10T00:00:00Z,synecho,18288.20417
4,Confital_1,2020-08-10T00:00:00Z,hna,219978.2609
4,Confital_1,2020-08-10T00:00:00Z,lna,120717.3913
5,Confital_1,2020-08-31T00:00:00Z,nanoeuka,624.2057042
5,Confital_1,2020-08-31T00:00:00Z,picoeuka,3393.463497
5,Confital_1,2020-08-31T00:00:00Z,prochloro,47406.62139
5,Confital_1,2020-08-31T00:00:00Z,synecho,10466.89304
5,Confital_1,2020-08-31T00:00:00Z,hna,573010.0334
5,Confital_1,2020-08-31T00:00:00Z,lna,157725.7525
6,Confital_1,2020-10-05T00:00:00Z,nanoeuka,747.1150414
6,Confital_1,2020-10-05T00:00:00Z,picoeuka,3289.057559
6,Confital_1,2020-10-05T00:00:00Z,prochloro,36875.39532
6,Confital_1,2020-10-05T00:00:00Z,synecho,6230.234029
6,Confital_1,2020-10-05T00:00:00Z,hna,556128.4869
6,Confital_1,2020-10-05T00:00:00Z,lna,161335.5875
7,Confital_1,2020-11-02T00:00:00Z,nanoeuka,1009.30093
7,Confital_1,2020-11-02T00:00:00Z,picoeuka,6484.962406
7,Confital_1,2020-11-02T00:00:00Z,prochloro,34561.40351
7,Confital_1,2020-11-02T00:00:00Z,synecho,5375.93985
7,Confital_1,2020-11-02T00:00:00Z,hna,392637.3626
7,Confital_1,2020-11-02T00:00:00Z,lna,82464.67818
8,Confital_1,2020-12-01T00:00:00Z,nanoeuka,611.8382736
8,Confital_1,2020-12-01T00:00:00Z,picoeuka,3886.547595
8,Confital_1,2020-12-01T00:00:00Z,prochloro,53435.01238
8,Confital_1,2020-12-01T00:00:00Z,synecho,4789.618035
8,Confital_1,2020-12-01T00:00:00Z,hna,163780.2198
8,Confital_1,2020-12-01T00:00:00Z,lna,124483.5165
9,Confital_1,2021-01-18T00:00:00Z,nanoeuka,310.5126968
9,Confital_1,2021-01-18T00:00:00Z,picoeuka,3385.620915
9,Confital_1,2021-01-18T00:00:00Z,prochloro,19673.20261
9,Confital_1,2021-01-18T00:00:00Z,synecho,4647.058824
9,Confital_1,2021-01-18T00:00:00Z,hna,226565.9341
9,Confital_1,2021-01-18T00:00:00Z,lna,71662.08791
10,Confital_1,2021-03-02T00:00:00Z,nanoeuka,451.405342
10,Confital_1,2021-03-02T00:00:00Z,picoeuka,2661.503473
10,Confital_1,2021-03-02T00:00:00Z,prochloro,4007.621858
10,Confital_1,2021-03-02T00:00:00Z,synecho,3368.369291
10,Confital_1,2021-03-02T00:00:00Z,hna,77667.98419
10,Confital_1,2021-03-02T00:00:00Z,lna,128063.2411
11,Confital_1,2021-04-14T00:00:00Z,nanoeuka,338.6769728
11,Confital_1,2021-04-14T00:00:00Z,picoeuka,3027.389944
11,Confital_1,2021-04-14T00:00:00Z,prochloro,9198.138399
11,Confital_1,2021-04-14T00:00:00Z,synecho,8587.777523
11,Confital_1,2021-04-14T00:00:00Z,hna,136146.4531
11,Confital_1,2021-04-14T00:00:00Z,lna,114810.0686
12,Confital_1,2021-05-12T00:00:00Z,nanoeuka,387.3624031
12,Confital_1,2021-05-12T00:00:00Z,picoeuka,5927.088363
12,Confital_1,2021-05-12T00:00:00Z,prochloro,13465.71704
12,Confital_1,2021-05-12T00:00:00Z,synecho,3675.760502
12,Confital_1,2021-05-12T00:00:00Z,hna,161666.1135
12,Confital_1,2021-05-12T00:00:00Z,lna,115798.2078
13,Confital_1,2021-06-28T00:00:00Z,nanoeuka,353.1101202
13,Confital_1,2021-06-28T00:00:00Z,picoeuka,2918.697844
13,Confital_1,2021-06-28T00:00:00Z,prochloro,34249.77278
13,Confital_1,2021-06-28T00:00:00Z,synecho,6128.64579
13,Confital_1,2021-06-28T00:00:00Z,hna,175943.4464
13,Confital_1,2021-06-28T00:00:00Z,lna,148102.4769
14,Confital_1,2021-07-27T00:00:00Z,nanoeuka,162.8034524
14,Confital_1,2021-07-27T00:00:00Z,picoeuka,2744.472127
14,Confital_1,2021-07-27T00:00:00Z,prochloro,21587.90097
14,Confital_1,2021-07-27T00:00:00Z,synecho,5740.034257
14,Confital_1,2021-07-27T00:00:00Z,hna,121941.3549
14,Confital_1,2021-07-27T00:00:00Z,lna,109898.8878
15,Confital_1,2021-12-13T00:00:00Z,nanoeuka,536.8501686
15,Confital_1,2021-12-13T00:00:00Z,picoeuka,5387.712418
15,Confital_1,2021-12-13T00:00:00Z,prochloro,11570.19608
15,Confital_1,2021-12-13T00:00:00Z,synecho,7546.143791
15,Confital_1,2021-12-13T00:00:00Z,hna,81448.55253
15,Confital_1,2021-12-13T00:00:00Z,lna,143315.624
16,Confital_1,2022-01-24T00:00:00Z,nanoeuka,115.6479955
16,Confital_1,2022-01-24T00:00:00Z,picoeuka,5680.522876
16,Confital_1,2022-01-24T00:00:00Z,prochloro,4367.058824
16,Confital_1,2022-01-24T00:00:00Z,synecho,3739.607843
16,Confital_1,2022-01-24T00:00:00Z,hna,156781.9581
16,Confital_1,2022-01-24T00:00:00Z,lna,54158.08305
17,Confital_1,2022-02-15T00:00:00Z,nanoeuka,92.5183964
17,Confital_1,2022-02-15T00:00:00Z,picoeuka,9955.555556
17,Confital_1,2022-02-15T00:00:00Z,prochloro,4099.346405
17,Confital_1,2022-02-15T00:00:00Z,synecho,5304.052288
17,Confital_1,2022-02-15T00:00:00Z,hna,128808.4137
17,Confital_1,2022-02-15T00:00:00Z,lna,109975.0623
18,Confital_1,2022-03-21T00:00:00Z,nanoeuka,299.2376768
18,Confital_1,2022-03-21T00:00:00Z,picoeuka,4698.947368
18,Confital_1,2022-03-21T00:00:00Z,prochloro,16454.73684
18,Confital_1,2022-03-21T00:00:00Z,synecho,15856.84211
18,Confital_1,2022-03-21T00:00:00Z,hna,66258.26738
18,Confital_1,2022-03-21T00:00:00Z,lna,150178.9006
19,Confital_1,2022-04-18T00:00:00Z,nanoeuka,74.50407462
19,Confital_1,2022-04-18T00:00:00Z,picoeuka,3413.333333
19,Confital_1,2022-04-18T00:00:00Z,prochloro,6056.993464
19,Confital_1,2022-04-18T00:00:00Z,synecho,4626.405229
19,Confital_1,2022-04-18T00:00:00Z,hna,70179.39023
19,Confital_1,2022-04-18T00:00:00Z,lna,63647.33328
20,Confital_1,2022-05-16T00:00:00Z,nanoeuka,93.73574372
20,Confital_1,2022-05-16T00:00:00Z,picoeuka,4362.105263
20,Confital_1,2022-05-16T00:00:00Z,prochloro,12000
20,Confital_1,2022-05-16T00:00:00Z,synecho,11452.63158
20,Confital_1,2022-05-16T00:00:00Z,hna,192041.635
20,Confital_1,2022-05-16T00:00:00Z,lna,115732.4081
21,Confital_1,2022-06-14T00:00:00Z,nanoeuka,56.18340053
21,Confital_1,2022-06-14T00:00:00Z,picoeuka,833.6842105
21,Confital_1,2022-06-14T00:00:00Z,prochloro,9760
21,Confital_1,2022-06-14T00:00:00Z,synecho,6795.789474
21,Confital_1,2022-06-14T00:00:00Z,hna,76146.59005
21,Confital_1,2022-06-14T00:00:00Z,lna,101973.3276
22,Confital_1,2022-07-28T00:00:00Z,nanoeuka,51.29788744
22,Confital_1,2022-07-28T00:00:00Z,picoeuka,4134.736842
22,Confital_1,2022-07-28T00:00:00Z,prochloro,17532.63158
22,Confital_1,2022-07-28T00:00:00Z,synecho,9490.526316
22,Confital_1,2022-07-28T00:00:00Z,hna,201090.6799
22,Confital_1,2022-07-28T00:00:00Z,lna,95267.32619
23,Confital_1,2022-08-25T00:00:00Z,nanoeuka,36.52041963
23,Confital_1,2022-08-25T00:00:00Z,picoeuka,1974.379085
23,Confital_1,2022-08-25T00:00:00Z,prochloro,34919.73856
23,Confital_1,2022-08-25T00:00:00Z,synecho,7504.313725
23,Confital_1,2022-08-25T00:00:00Z,hna,148975.3876
23,Confital_1,2022-08-25T00:00:00Z,lna,82294.26434
24,Confital_1,2022-10-10T00:00:00Z,nanoeuka,553.6213069
24,Confital_1,2022-10-10T00:00:00Z,picoeuka,1912.269333
24,Confital_1,2022-10-10T00:00:00Z,prochloro,13392.96781
24,Confital_1,2022-10-10T00:00:00Z,synecho,5573.91098
24,Confital_1,2022-10-10T00:00:00Z,hna,187452.4276
24,Confital_1,2022-10-10T00:00:00Z,lna,42555.64525
25,Confital_1,2022-11-10T00:00:00Z,nanoeuka,447.2147295
25,Confital_1,2022-11-10T00:00:00Z,picoeuka,4738.178457
25,Confital_1,2022-11-10T00:00:00Z,prochloro,38620.75804
25,Confital_1,2022-11-10T00:00:00Z,synecho,6267.993923
25,Confital_1,2022-11-10T00:00:00Z,hna,170903.8972
25,Confital_1,2022-11-10T00:00:00Z,lna,149147.4043
26,Confital_1,2023-01-24T00:00:00Z,nanoeuka,172.5752204
26,Confital_1,2023-01-24T00:00:00Z,picoeuka,2288.432839
26,Confital_1,2023-01-24T00:00:00Z,prochloro,3742.76399
26,Confital_1,2023-01-24T00:00:00Z,synecho,14129.8252
26,Confital_1,2023-01-24T00:00:00Z,hna,73590.12801
26,Confital_1,2023-01-24T00:00:00Z,lna,59404.91293
27,Confital_1,2023-02-22T00:00:00Z,nanoeuka,206.4067982
27,Confital_1,2023-02-22T00:00:00Z,picoeuka,2659.144701
27,Confital_1,2023-02-22T00:00:00Z,prochloro,9431.765254
27,Confital_1,2023-02-22T00:00:00Z,synecho,2787.468038
27,Confital_1,2023-02-22T00:00:00Z,hna,162471.1218
27,Confital_1,2023-02-22T00:00:00Z,lna,95935.655
28,Confital_1,2023-03-30T00:00:00Z,nanoeuka,491.9140753
28,Confital_1,2023-03-30T00:00:00Z,picoeuka,3057.22256
28,Confital_1,2023-03-30T00:00:00Z,prochloro,8229.796082
28,Confital_1,2023-03-30T00:00:00Z,synecho,10028.61643
28,Confital_1,2023-03-30T00:00:00Z,hna,163787.3371
28,Confital_1,2023-03-30T00:00:00Z,lna,135624.4954
29,Confital_1,2023-04-30T00:00:00Z,nanoeuka,NA
29,Confital_1,2023-04-30T00:00:00Z,picoeuka,NA
29,Confital_1,2023-04-30T00:00:00Z,prochloro,NA
29,Confital_1,2023-04-30T00:00:00Z,synecho,NA
29,Confital_1,2023-04-30T00:00:00Z,hna,NA
29,Confital_1,2023-04-30T00:00:00Z,lna,NA
30,Confital_2,2020-04-28T00:00:00Z,nanoeuka,902.9546612
30,Confital_2,2020-04-28T00:00:00Z,picoeuka,11942.35589
30,Confital_2,2020-04-28T00:00:00Z,prochloro,9342.105263
30,Confital_2,2020-04-28T00:00:00Z,synecho,11810.77694
30,Confital_2,2020-04-28T00:00:00Z,hna,247879.1209
30,Confital_2,2020-04-28T00:00:00Z,lna,222824.1758
31,Confital_2,2020-05-26T00:00:00Z,nanoeuka,507.8053818
31,Confital_2,2020-05-26T00:00:00Z,picoeuka,2877.739331
31,Confital_2,2020-05-26T00:00:00Z,prochloro,10098.03922
31,Confital_2,2020-05-26T00:00:00Z,synecho,4682.814302
31,Confital_2,2020-05-26T00:00:00Z,hna,157161.2903
31,Confital_2,2020-05-26T00:00:00Z,lna,92516.12903
32,Confital_2,2020-07-06T00:00:00Z,nanoeuka,501.1113356
32,Confital_2,2020-07-06T00:00:00Z,picoeuka,2725.490196
32,Confital_2,2020-07-06T00:00:00Z,prochloro,23300.65359
32,Confital_2,2020-07-06T00:00:00Z,synecho,9862.745098
32,Confital_2,2020-07-06T00:00:00Z,hna,215000
32,Confital_2,2020-07-06T00:00:00Z,lna,126608.6957
33,Confital_2,2020-08-10T00:00:00Z,nanoeuka,426.2492474
33,Confital_2,2020-08-10T00:00:00Z,picoeuka,2261.904762
33,Confital_2,2020-08-10T00:00:00Z,prochloro,44837.09273
33,Confital_2,2020-08-10T00:00:00Z,synecho,28916.0401
33,Confital_2,2020-08-10T00:00:00Z,hna,211153.8462
33,Confital_2,2020-08-10T00:00:00Z,lna,187252.7473
34,Confital_2,2020-08-31T00:00:00Z,nanoeuka,381.8531107
34,Confital_2,2020-08-31T00:00:00Z,picoeuka,3126.061121
34,Confital_2,2020-08-31T00:00:00Z,prochloro,59471.56197
34,Confital_2,2020-08-31T00:00:00Z,synecho,13140.91681
34,Confital_2,2020-08-31T00:00:00Z,hna,410819.398
34,Confital_2,2020-08-31T00:00:00Z,lna,157525.0836
35,Confital_2,2020-10-05T00:00:00Z,nanoeuka,556.1154918
35,Confital_2,2020-10-05T00:00:00Z,picoeuka,3247.028862
35,Confital_2,2020-10-05T00:00:00Z,prochloro,35118.8455
35,Confital_2,2020-10-05T00:00:00Z,synecho,5870.118846
35,Confital_2,2020-10-05T00:00:00Z,hna,422333.0516
35,Confital_2,2020-10-05T00:00:00Z,lna,120608.6221
36,Confital_2,2020-11-02T00:00:00Z,nanoeuka,1034.50345
36,Confital_2,2020-11-02T00:00:00Z,picoeuka,5457.393484
36,Confital_2,2020-11-02T00:00:00Z,prochloro,30726.81704
36,Confital_2,2020-11-02T00:00:00Z,synecho,4849.62406
36,Confital_2,2020-11-02T00:00:00Z,hna,340973.3124
36,Confital_2,2020-11-02T00:00:00Z,lna,82747.25275
37,Confital_2,2020-12-01T00:00:00Z,nanoeuka,273.4267235
37,Confital_2,2020-12-01T00:00:00Z,picoeuka,4219.829878
37,Confital_2,2020-12-01T00:00:00Z,prochloro,49388.62307
37,Confital_2,2020-12-01T00:00:00Z,synecho,4578.681552
37,Confital_2,2020-12-01T00:00:00Z,hna,191062.2711
37,Confital_2,2020-12-01T00:00:00Z,lna,141831.5018
38,Confital_2,2021-01-18T00:00:00Z,nanoeuka,230.8045374
38,Confital_2,2021-01-18T00:00:00Z,picoeuka,2763.157895
38,Confital_2,2021-01-18T00:00:00Z,prochloro,17907.89474
38,Confital_2,2021-01-18T00:00:00Z,synecho,4671.052632
38,Confital_2,2021-01-18T00:00:00Z,hna,137201.087
38,Confital_2,2021-01-18T00:00:00Z,lna,115353.2609
39,Confital_2,2021-03-02T00:00:00Z,nanoeuka,628.4759458
39,Confital_2,2021-03-02T00:00:00Z,picoeuka,3896.98199
39,Confital_2,2021-03-02T00:00:00Z,prochloro,4345.688119
39,Confital_2,2021-03-02T00:00:00Z,synecho,4517.794579
39,Confital_2,2021-03-02T00:00:00Z,hna,134794.2339
39,Confital_2,2021-03-02T00:00:00Z,lna,135735.8754
40,Confital_2,2021-04-14T00:00:00Z,nanoeuka,667.0581523
40,Confital_2,2021-04-14T00:00:00Z,picoeuka,1959.258412
40,Confital_2,2021-04-14T00:00:00Z,prochloro,9900.053407
40,Confital_2,2021-04-14T00:00:00Z,synecho,10498.20706
40,Confital_2,2021-04-14T00:00:00Z,hna,247469.1076
40,Confital_2,2021-04-14T00:00:00Z,lna,109784.897
41,Confital_2,2021-05-12T00:00:00Z,nanoeuka,309.4026742
41,Confital_2,2021-05-12T00:00:00Z,picoeuka,4961.371318
41,Confital_2,2021-05-12T00:00:00Z,prochloro,15318.68662
41,Confital_2,2021-05-12T00:00:00Z,synecho,3241.187832
41,Confital_2,2021-05-12T00:00:00Z,hna,181181.5466
41,Confital_2,2021-05-12T00:00:00Z,lna,105741.7856
42,Confital_2,2021-06-28T00:00:00Z,nanoeuka,609.4777417
42,Confital_2,2021-06-28T00:00:00Z,picoeuka,3581.756589
42,Confital_2,2021-06-28T00:00:00Z,prochloro,42107.32876
42,Confital_2,2021-06-28T00:00:00Z,synecho,7423.779228
42,Confital_2,2021-06-28T00:00:00Z,hna,301211.8635
42,Confital_2,2021-06-28T00:00:00Z,lna,164175.6139
43,La_Puntilla,2020-04-28T00:00:00Z,nanoeuka,741.3048997
43,La_Puntilla,2020-04-28T00:00:00Z,picoeuka,6372.180451
43,La_Puntilla,2020-04-28T00:00:00Z,prochloro,4003.759398
43,La_Puntilla,2020-04-28T00:00:00Z,synecho,5275.689223
43,La_Puntilla,2020-04-28T00:00:00Z,hna,176152.1739
43,La_Puntilla,2020-04-28T00:00:00Z,lna,153815.2174
44,La_Puntilla,2020-05-26T00:00:00Z,nanoeuka,796.9385896
44,La_Puntilla,2020-05-26T00:00:00Z,picoeuka,449.941566
44,La_Puntilla,2020-05-26T00:00:00Z,prochloro,25722.63342
44,La_Puntilla,2020-05-26T00:00:00Z,synecho,22064.66693
44,La_Puntilla,2020-05-26T00:00:00Z,hna,437450.5495
44,La_Puntilla,2020-05-26T00:00:00Z,lna,144087.9121
45,La_Puntilla,2020-07-06T00:00:00Z,nanoeuka,763.7906648
45,La_Puntilla,2020-07-06T00:00:00Z,picoeuka,6000
45,La_Puntilla,2020-07-06T00:00:00Z,prochloro,35758.16993
45,La_Puntilla,2020-07-06T00:00:00Z,synecho,23058.82353
45,La_Puntilla,2020-07-06T00:00:00Z,hna,516571.4286
45,La_Puntilla,2020-07-06T00:00:00Z,lna,167912.0879
46,La_Puntilla,2020-08-10T00:00:00Z,nanoeuka,435.8819988
46,La_Puntilla,2020-08-10T00:00:00Z,picoeuka,2901.002506
46,La_Puntilla,2020-08-10T00:00:00Z,prochloro,28314.53634
46,La_Puntilla,2020-08-10T00:00:00Z,synecho,27606.51629
46,La_Puntilla,2020-08-10T00:00:00Z,hna,568549.4505
46,La_Puntilla,2020-08-10T00:00:00Z,lna,157648.3516
47,La_Puntilla,2020-08-31T00:00:00Z,nanoeuka,716.4179104
47,La_Puntilla,2020-08-31T00:00:00Z,picoeuka,4081.06961
47,La_Puntilla,2020-08-31T00:00:00Z,prochloro,52347.19864
47,La_Puntilla,2020-08-31T00:00:00Z,synecho,17896.85908
47,La_Puntilla,2020-08-31T00:00:00Z,hna,853085.3762
47,La_Puntilla,2020-08-31T00:00:00Z,lna,203736.2637
48,La_Puntilla,2020-10-05T00:00:00Z,nanoeuka,795.8916604
48,La_Puntilla,2020-10-05T00:00:00Z,picoeuka,4405.772496
48,La_Puntilla,2020-10-05T00:00:00Z,prochloro,57128.60781
48,La_Puntilla,2020-10-05T00:00:00Z,synecho,14223.25976
48,La_Puntilla,2020-10-05T00:00:00Z,hna,660760.7777
48,La_Puntilla,2020-10-05T00:00:00Z,lna,186796.2806
49,La_Puntilla,2020-11-02T00:00:00Z,nanoeuka,1044.10441
49,La_Puntilla,2020-11-02T00:00:00Z,picoeuka,8148.148148
49,La_Puntilla,2020-11-02T00:00:00Z,prochloro,54640.52288
49,La_Puntilla,2020-11-02T00:00:00Z,synecho,9299.719888
49,La_Puntilla,2020-11-02T00:00:00Z,hna,331583.8509
49,La_Puntilla,2020-11-02T00:00:00Z,lna,150931.677
50,La_Puntilla,2020-12-01T00:00:00Z,nanoeuka,434.0495969
50,La_Puntilla,2020-12-01T00:00:00Z,picoeuka,3674.906964
50,La_Puntilla,2020-12-01T00:00:00Z,prochloro,46723.81712
50,La_Puntilla,2020-12-01T00:00:00Z,synecho,5190.05848
50,La_Puntilla,2020-12-01T00:00:00Z,hna,177435.8974
50,La_Puntilla,2020-12-01T00:00:00Z,lna,105172.1612
51,La_Puntilla,2021-01-18T00:00:00Z,nanoeuka,986.7988246
51,La_Puntilla,2021-01-18T00:00:00Z,picoeuka,6489.795918
51,La_Puntilla,2021-01-18T00:00:00Z,prochloro,43469.38776
51,La_Puntilla,2021-01-18T00:00:00Z,synecho,37857.14286
51,La_Puntilla,2021-01-18T00:00:00Z,hna,221991.7582
51,La_Puntilla,2021-01-18T00:00:00Z,lna,147486.2637
52,La_Puntilla,2021-03-02T00:00:00Z,nanoeuka,845.4497843
52,La_Puntilla,2021-03-02T00:00:00Z,picoeuka,10271.06767
52,La_Puntilla,2021-03-02T00:00:00Z,prochloro,7050.218206
52,La_Puntilla,2021-03-02T00:00:00Z,synecho,11322.14641
52,La_Puntilla,2021-03-02T00:00:00Z,hna,238808.2506
52,La_Puntilla,2021-03-02T00:00:00Z,lna,301004.8775
53,La_Puntilla,2021-04-14T00:00:00Z,nanoeuka,601.8569796
53,La_Puntilla,2021-04-14T00:00:00Z,picoeuka,4180.972
53,La_Puntilla,2021-04-14T00:00:00Z,prochloro,11291.6762
53,La_Puntilla,2021-04-14T00:00:00Z,synecho,10852.21637
53,La_Puntilla,2021-04-14T00:00:00Z,hna,314498.8558
53,La_Puntilla,2021-04-14T00:00:00Z,lna,87075.51487
54,La_Puntilla,2021-05-12T00:00:00Z,nanoeuka,730.8885395
54,La_Puntilla,2021-05-12T00:00:00Z,picoeuka,8510.381458
54,La_Puntilla,2021-05-12T00:00:00Z,prochloro,18469.33848
54,La_Puntilla,2021-05-12T00:00:00Z,synecho,7592.950266
54,La_Puntilla,2021-05-12T00:00:00Z,hna,366747.7561
54,La_Puntilla,2021-05-12T00:00:00Z,lna,166898.7501
55,La_Puntilla,2021-06-28T00:00:00Z,nanoeuka,384.5514322
55,La_Puntilla,2021-06-28T00:00:00Z,picoeuka,6113.214517
55,La_Puntilla,2021-06-28T00:00:00Z,prochloro,36069.81254
55,La_Puntilla,2021-06-28T00:00:00Z,synecho,10792.00911
55,La_Puntilla,2021-06-28T00:00:00Z,hna,927101.7491
55,La_Puntilla,2021-06-28T00:00:00Z,lna,147338.7248
56,Hotel_Cristina,2020-04-28T00:00:00Z,nanoeuka,705.5527254
56,Hotel_Cristina,2020-04-28T00:00:00Z,picoeuka,8341.114223
56,Hotel_Cristina,2020-04-28T00:00:00Z,prochloro,6455.026455
56,Hotel_Cristina,2020-04-28T00:00:00Z,synecho,7370.059135
56,Hotel_Cristina,2020-04-28T00:00:00Z,hna,232562.5
56,Hotel_Cristina,2020-04-28T00:00:00Z,lna,195562.5
57,Hotel_Cristina,2020-05-26T00:00:00Z,nanoeuka,772.6416813
57,Hotel_Cristina,2020-05-26T00:00:00Z,picoeuka,5265.092879
57,Hotel_Cristina,2020-05-26T00:00:00Z,prochloro,19620.74303
57,Hotel_Cristina,2020-05-26T00:00:00Z,synecho,14181.50155
57,Hotel_Cristina,2020-05-26T00:00:00Z,hna,373304.3478
57,Hotel_Cristina,2020-05-26T00:00:00Z,lna,146043.4783
58,Hotel_Cristina,2020-07-06T00:00:00Z,nanoeuka,1012.999259
58,Hotel_Cristina,2020-07-06T00:00:00Z,picoeuka,7098.684211
58,Hotel_Cristina,2020-07-06T00:00:00Z,prochloro,36118.42105
58,Hotel_Cristina,2020-07-06T00:00:00Z,synecho,26447.36842
58,Hotel_Cristina,2020-07-06T00:00:00Z,hna,539868.1319
58,Hotel_Cristina,2020-07-06T00:00:00Z,lna,217494.5055
59,Hotel_Cristina,2020-08-10T00:00:00Z,nanoeuka,579.6579658
59,Hotel_Cristina,2020-08-10T00:00:00Z,picoeuka,3274.198568
59,Hotel_Cristina,2020-08-10T00:00:00Z,prochloro,37124.18301
59,Hotel_Cristina,2020-08-10T00:00:00Z,synecho,28011.20448
59,Hotel_Cristina,2020-08-10T00:00:00Z,hna,378684.7826
59,Hotel_Cristina,2020-08-10T00:00:00Z,lna,148989.1304
60,Hotel_Cristina,2020-08-31T00:00:00Z,nanoeuka,874.1721854
60,Hotel_Cristina,2020-08-31T00:00:00Z,picoeuka,5157.04584
60,Hotel_Cristina,2020-08-31T00:00:00Z,prochloro,83601.44312
60,Hotel_Cristina,2020-08-31T00:00:00Z,synecho,3794.567063
60,Hotel_Cristina,2020-08-31T00:00:00Z,hna,609129.3322
60,Hotel_Cristina,2020-08-31T00:00:00Z,lna,250194.421
61,Hotel_Cristina,2020-10-05T00:00:00Z,nanoeuka,914.2111816
61,Hotel_Cristina,2020-10-05T00:00:00Z,picoeuka,6169.354839
61,Hotel_Cristina,2020-10-05T00:00:00Z,prochloro,62718.59083
61,Hotel_Cristina,2020-10-05T00:00:00Z,synecho,13675.72156
61,Hotel_Cristina,2020-10-05T00:00:00Z,hna,603702.4514
61,Hotel_Cristina,2020-10-05T00:00:00Z,lna,234928.1488
62,Hotel_Cristina,2020-11-02T00:00:00Z,nanoeuka,993.6993699
62,Hotel_Cristina,2020-11-02T00:00:00Z,picoeuka,8527.568922
62,Hotel_Cristina,2020-11-02T00:00:00Z,prochloro,66165.41353
62,Hotel_Cristina,2020-11-02T00:00:00Z,synecho,11215.53885
62,Hotel_Cristina,2020-11-02T00:00:00Z,hna,286024.8447
62,Hotel_Cristina,2020-11-02T00:00:00Z,lna,177624.2236
63,Hotel_Cristina,2020-12-01T00:00:00Z,nanoeuka,419.4943924
63,Hotel_Cristina,2020-12-01T00:00:00Z,picoeuka,3721.424774
63,Hotel_Cristina,2020-12-01T00:00:00Z,prochloro,46384.90165
63,Hotel_Cristina,2020-12-01T00:00:00Z,synecho,5063.795853
63,Hotel_Cristina,2020-12-01T00:00:00Z,hna,242959.707
63,Hotel_Cristina,2020-12-01T00:00:00Z,lna,170168.4982
64,Hotel_Cristina,2021-01-18T00:00:00Z,nanoeuka,922.3279681
64,Hotel_Cristina,2021-01-18T00:00:00Z,picoeuka,4572.368421
64,Hotel_Cristina,2021-01-18T00:00:00Z,prochloro,37618.42105
64,Hotel_Cristina,2021-01-18T00:00:00Z,synecho,10322.36842
64,Hotel_Cristina,2021-01-18T00:00:00Z,hna,215951.087
64,Hotel_Cristina,2021-01-18T00:00:00Z,lna,173274.4565
65,Hotel_Cristina,2021-03-02T00:00:00Z,nanoeuka,1099.832905
65,Hotel_Cristina,2021-03-02T00:00:00Z,picoeuka,10301.5179
65,Hotel_Cristina,2021-03-02T00:00:00Z,prochloro,7492.575483
65,Hotel_Cristina,2021-03-02T00:00:00Z,synecho,13586.86685
65,Hotel_Cristina,2021-03-02T00:00:00Z,hna,359076.2179
65,Hotel_Cristina,2021-03-02T00:00:00Z,lna,202773.6969
66,Hotel_Cristina,2021-04-14T00:00:00Z,nanoeuka,996.0352299
66,Hotel_Cristina,2021-04-14T00:00:00Z,picoeuka,6911.734589
66,Hotel_Cristina,2021-04-14T00:00:00Z,prochloro,14714.31497
66,Hotel_Cristina,2021-04-14T00:00:00Z,synecho,21982.38788
66,Hotel_Cristina,2021-04-14T00:00:00Z,hna,508483.5165
66,Hotel_Cristina,2021-04-14T00:00:00Z,lna,136976.2869
67,Hotel_Cristina,2021-05-12T00:00:00Z,nanoeuka,587.624673
67,Hotel_Cristina,2021-05-12T00:00:00Z,picoeuka,10073.63592
67,Hotel_Cristina,2021-05-12T00:00:00Z,prochloro,18119.26606
67,Hotel_Cristina,2021-05-12T00:00:00Z,synecho,8220.666345
67,Hotel_Cristina,2021-05-12T00:00:00Z,hna,297894.4719
67,Hotel_Cristina,2021-05-12T00:00:00Z,lna,166294.7739
68,Hotel_Cristina,2021-06-28T00:00:00Z,nanoeuka,813.8462701
68,Hotel_Cristina,2021-06-28T00:00:00Z,picoeuka,9028.753202
68,Hotel_Cristina,2021-06-28T00:00:00Z,prochloro,46544.24523
68,Hotel_Cristina,2021-06-28T00:00:00Z,synecho,15461.04272
68,Hotel_Cristina,2021-06-28T00:00:00Z,hna,948377.9148
68,Hotel_Cristina,2021-06-28T00:00:00Z,lna,201437.7988
69,Hotel_Cristina,2021-07-27T00:00:00Z,nanoeuka,527.6679271
69,Hotel_Cristina,2021-07-27T00:00:00Z,picoeuka,2587.307112
69,Hotel_Cristina,2021-07-27T00:00:00Z,prochloro,22931.89465
69,Hotel_Cristina,2021-07-27T00:00:00Z,synecho,11671.88769
69,Hotel_Cristina,2021-07-27T00:00:00Z,hna,498338.8704
69,Hotel_Cristina,2021-07-27T00:00:00Z,lna,112639.9182
70,Hotel_Cristina,2021-12-13T00:00:00Z,nanoeuka,350.5960285
70,Hotel_Cristina,2021-12-13T00:00:00Z,picoeuka,5886.315789
70,Hotel_Cristina,2021-12-13T00:00:00Z,prochloro,9600
70,Hotel_Cristina,2021-12-13T00:00:00Z,synecho,6997.894737
70,Hotel_Cristina,2021-12-13T00:00:00Z,hna,154992.9524
70,Hotel_Cristina,2021-12-13T00:00:00Z,lna,104055.0797
71,Hotel_Cristina,2022-01-24T00:00:00Z,nanoeuka,174.0806669
71,Hotel_Cristina,2022-01-24T00:00:00Z,picoeuka,10808.88889
71,Hotel_Cristina,2022-01-24T00:00:00Z,prochloro,8198.69281
71,Hotel_Cristina,2022-01-24T00:00:00Z,synecho,7127.843137
71,Hotel_Cristina,2022-01-24T00:00:00Z,hna,183747.1539
71,Hotel_Cristina,2022-01-24T00:00:00Z,lna,135639.163
72,Hotel_Cristina,2022-02-15T00:00:00Z,nanoeuka,137.5602473
72,Hotel_Cristina,2022-02-15T00:00:00Z,picoeuka,18341.05263
72,Hotel_Cristina,2022-02-15T00:00:00Z,prochloro,6374.736842
72,Hotel_Cristina,2022-02-15T00:00:00Z,synecho,10307.36842
72,Hotel_Cristina,2022-02-15T00:00:00Z,hna,245939.4991
72,Hotel_Cristina,2022-02-15T00:00:00Z,lna,123473.9239
73,Hotel_Cristina,2022-03-21T00:00:00Z,nanoeuka,338.4225553
73,Hotel_Cristina,2022-03-21T00:00:00Z,picoeuka,5546.666667
73,Hotel_Cristina,2022-03-21T00:00:00Z,prochloro,12139.08497
73,Hotel_Cristina,2022-03-21T00:00:00Z,synecho,16071.11111
73,Hotel_Cristina,2022-03-21T00:00:00Z,hna,83627.8868
73,Hotel_Cristina,2022-03-21T00:00:00Z,lna,125165.3475
74,Hotel_Cristina,2022-04-18T00:00:00Z,nanoeuka,47.63375263
74,Hotel_Cristina,2022-04-18T00:00:00Z,picoeuka,7216.842105
74,Hotel_Cristina,2022-04-18T00:00:00Z,prochloro,12496.84211
74,Hotel_Cristina,2022-04-18T00:00:00Z,synecho,15098.94737
74,Hotel_Cristina,2022-04-18T00:00:00Z,hna,141207.421
74,Hotel_Cristina,2022-04-18T00:00:00Z,lna,115425.7214
75,Hotel_Cristina,2022-05-16T00:00:00Z,nanoeuka,148.5163732
75,Hotel_Cristina,2022-05-16T00:00:00Z,picoeuka,3553.684211
75,Hotel_Cristina,2022-05-16T00:00:00Z,prochloro,9254.736842
75,Hotel_Cristina,2022-05-16T00:00:00Z,synecho,9583.157895
75,Hotel_Cristina,2022-05-16T00:00:00Z,hna,334348.9103
75,Hotel_Cristina,2022-05-16T00:00:00Z,lna,82619.53811
76,Hotel_Cristina,2022-06-14T00:00:00Z,nanoeuka,101.3743966
76,Hotel_Cristina,2022-06-14T00:00:00Z,picoeuka,7023.157895
76,Hotel_Cristina,2022-06-14T00:00:00Z,prochloro,12614.73684
76,Hotel_Cristina,2022-06-14T00:00:00Z,synecho,9414.736842
76,Hotel_Cristina,2022-06-14T00:00:00Z,hna,176948.932
76,Hotel_Cristina,2022-06-14T00:00:00Z,lna,104738.1546
77,Hotel_Cristina,2022-07-28T00:00:00Z,nanoeuka,172.8633196
77,Hotel_Cristina,2022-07-28T00:00:00Z,picoeuka,5195.789474
77,Hotel_Cristina,2022-07-28T00:00:00Z,prochloro,20892.63158
77,Hotel_Cristina,2022-07-28T00:00:00Z,synecho,16025.26316
77,Hotel_Cristina,2022-07-28T00:00:00Z,hna,380016.9905
77,Hotel_Cristina,2022-07-28T00:00:00Z,lna,131572.1685
78,Hotel_Cristina,2022-08-25T00:00:00Z,nanoeuka,133.9082053
78,Hotel_Cristina,2022-08-25T00:00:00Z,picoeuka,4007.320261
78,Hotel_Cristina,2022-08-25T00:00:00Z,prochloro,49434.77124
78,Hotel_Cristina,2022-08-25T00:00:00Z,synecho,17568.62745
78,Hotel_Cristina,2022-08-25T00:00:00Z,hna,489959.8829
78,Hotel_Cristina,2022-08-25T00:00:00Z,lna,125132.8201
79,Hotel_Cristina,2022-10-10T00:00:00Z,nanoeuka,962.2794287
79,Hotel_Cristina,2022-10-10T00:00:00Z,picoeuka,2530.821364
79,Hotel_Cristina,2022-10-10T00:00:00Z,prochloro,25044.4379
79,Hotel_Cristina,2022-10-10T00:00:00Z,synecho,10123.28546
79,Hotel_Cristina,2022-10-10T00:00:00Z,hna,284742.2443
79,Hotel_Cristina,2022-10-10T00:00:00Z,lna,63418.29085
80,Hotel_Cristina,2022-11-10T00:00:00Z,nanoeuka,873.7887791
80,Hotel_Cristina,2022-11-10T00:00:00Z,picoeuka,3966.188245
80,Hotel_Cristina,2022-11-10T00:00:00Z,prochloro,33153.08424
80,Hotel_Cristina,2022-11-10T00:00:00Z,synecho,5743.890477
80,Hotel_Cristina,2022-11-10T00:00:00Z,hna,226167.6854
80,Hotel_Cristina,2022-11-10T00:00:00Z,lna,126594.3951
81,Hotel_Cristina,2023-01-24T00:00:00Z,nanoeuka,329.9638213
81,Hotel_Cristina,2023-01-24T00:00:00Z,picoeuka,4013.668812
81,Hotel_Cristina,2023-01-24T00:00:00Z,prochloro,3621.569727
81,Hotel_Cristina,2023-01-24T00:00:00Z,synecho,18777.98162
81,Hotel_Cristina,2023-01-24T00:00:00Z,hna,169357.6289
81,Hotel_Cristina,2023-01-24T00:00:00Z,lna,122754.0076
82,Hotel_Cristina,2023-02-22T00:00:00Z,nanoeuka,397.6770979
82,Hotel_Cristina,2023-02-22T00:00:00Z,picoeuka,7889.881616
82,Hotel_Cristina,2023-02-22T00:00:00Z,prochloro,15779.76323
82,Hotel_Cristina,2023-02-22T00:00:00Z,synecho,6409.643503
82,Hotel_Cristina,2023-02-22T00:00:00Z,hna,413828.0817
82,Hotel_Cristina,2023-02-22T00:00:00Z,lna,142571.4869
83,Hotel_Cristina,2023-03-30T00:00:00Z,nanoeuka,469.6176866
83,Hotel_Cristina,2023-03-30T00:00:00Z,picoeuka,3704.513294
83,Hotel_Cristina,2023-03-30T00:00:00Z,prochloro,10507.6257
83,Hotel_Cristina,2023-03-30T00:00:00Z,synecho,16850.55012
83,Hotel_Cristina,2023-03-30T00:00:00Z,hna,176830.8154
83,Hotel_Cristina,2023-03-30T00:00:00Z,lna,155795.1793
84,Hotel_Cristina,2023-04-30T00:00:00Z,nanoeuka,NA
84,Hotel_Cristina,2023-04-30T00:00:00Z,picoeuka,NA
84,Hotel_Cristina,2023-04-30T00:00:00Z,prochloro,NA
84,Hotel_Cristina,2023-04-30T00:00:00Z,synecho,NA
84,Hotel_Cristina,2023-04-30T00:00:00Z,hna,NA
84,Hotel_Cristina,2023-04-30T00:00:00Z,lna,NA
85,Reina_Isabel,2020-04-28T00:00:00Z,nanoeuka,387.1541
85,Reina_Isabel,2020-04-28T00:00:00Z,picoeuka,8664.799253
85,Reina_Isabel,2020-04-28T00:00:00Z,prochloro,8011.204482
85,Reina_Isabel,2020-04-28T00:00:00Z,synecho,9561.157796
85,Reina_Isabel,2020-04-28T00:00:00Z,hna,212703.2967
85,Reina_Isabel,2020-04-28T00:00:00Z,lna,230538.4615
86,Reina_Isabel,2020-05-26T00:00:00Z,nanoeuka,682.5661236
86,Reina_Isabel,2020-05-26T00:00:00Z,picoeuka,731.4241486
86,Reina_Isabel,2020-05-26T00:00:00Z,prochloro,21339.00929
86,Reina_Isabel,2020-05-26T00:00:00Z,synecho,12387.7709
86,Reina_Isabel,2020-05-26T00:00:00Z,hna,389802.1978
86,Reina_Isabel,2020-05-26T00:00:00Z,lna,127472.5275
87,Reina_Isabel,2020-07-06T00:00:00Z,nanoeuka,1023.775847
87,Reina_Isabel,2020-07-06T00:00:00Z,picoeuka,6131.578947
87,Reina_Isabel,2020-07-06T00:00:00Z,prochloro,35125
87,Reina_Isabel,2020-07-06T00:00:00Z,synecho,29085.52632
87,Reina_Isabel,2020-07-06T00:00:00Z,hna,448455.6962
87,Reina_Isabel,2020-07-06T00:00:00Z,lna,179139.2405
88,Reina_Isabel,2020-08-10T00:00:00Z,nanoeuka,774.2323901
88,Reina_Isabel,2020-08-10T00:00:00Z,picoeuka,1691.729323
88,Reina_Isabel,2020-08-10T00:00:00Z,prochloro,32155.38847
88,Reina_Isabel,2020-08-10T00:00:00Z,synecho,27825.81454
88,Reina_Isabel,2020-08-10T00:00:00Z,hna,384619.5652
88,Reina_Isabel,2020-08-10T00:00:00Z,lna,162913.0435
89,Reina_Isabel,2020-08-31T00:00:00Z,nanoeuka,459.0293565
89,Reina_Isabel,2020-08-31T00:00:00Z,picoeuka,4558.573854
89,Reina_Isabel,2020-08-31T00:00:00Z,prochloro,60331.06961
89,Reina_Isabel,2020-08-31T00:00:00Z,synecho,21150.25467
89,Reina_Isabel,2020-08-31T00:00:00Z,hna,612541.806
89,Reina_Isabel,2020-08-31T00:00:00Z,lna,200117.0569
90,Reina_Isabel,2020-10-05T00:00:00Z,nanoeuka,656.9040138
90,Reina_Isabel,2020-10-05T00:00:00Z,picoeuka,5742.78438
90,Reina_Isabel,2020-10-05T00:00:00Z,prochloro,58446.51952
90,Reina_Isabel,2020-10-05T00:00:00Z,synecho,12001.27334
90,Reina_Isabel,2020-10-05T00:00:00Z,hna,571655.5184
90,Reina_Isabel,2020-10-05T00:00:00Z,lna,198210.7023
91,Reina_Isabel,2020-11-02T00:00:00Z,nanoeuka,895.289529
91,Reina_Isabel,2020-11-02T00:00:00Z,picoeuka,8758.169935
91,Reina_Isabel,2020-11-02T00:00:00Z,prochloro,66243.38624
91,Reina_Isabel,2020-11-02T00:00:00Z,synecho,10992.84158
91,Reina_Isabel,2020-11-02T00:00:00Z,hna,363260.8696
91,Reina_Isabel,2020-11-02T00:00:00Z,lna,207531.0559
92,Reina_Isabel,2020-12-01T00:00:00Z,nanoeuka,261.1654354
92,Reina_Isabel,2020-12-01T00:00:00Z,picoeuka,3555.28974
92,Reina_Isabel,2020-12-01T00:00:00Z,prochloro,48385.16746
92,Reina_Isabel,2020-12-01T00:00:00Z,synecho,5336.25731
92,Reina_Isabel,2020-12-01T00:00:00Z,hna,201739.1304
92,Reina_Isabel,2020-12-01T00:00:00Z,lna,126260.8696
93,Reina_Isabel,2021-01-18T00:00:00Z,nanoeuka,615.7624666
93,Reina_Isabel,2021-01-18T00:00:00Z,picoeuka,4614.583333
93,Reina_Isabel,2021-01-18T00:00:00Z,prochloro,31250
93,Reina_Isabel,2021-01-18T00:00:00Z,synecho,16937.5
93,Reina_Isabel,2021-01-18T00:00:00Z,hna,180370.8791
93,Reina_Isabel,2021-01-18T00:00:00Z,lna,169821.4286
94,Reina_Isabel,2021-03-02T00:00:00Z,nanoeuka,714.3810366
94,Reina_Isabel,2021-03-02T00:00:00Z,picoeuka,9559.066161
94,Reina_Isabel,2021-03-02T00:00:00Z,prochloro,7554.446461
94,Reina_Isabel,2021-03-02T00:00:00Z,synecho,11347.13744
94,Reina_Isabel,2021-03-02T00:00:00Z,hna,215182.5157
94,Reina_Isabel,2021-03-02T00:00:00Z,lna,274157.1728
95,Reina_Isabel,2021-04-14T00:00:00Z,nanoeuka,514.8889771
95,Reina_Isabel,2021-04-14T00:00:00Z,picoeuka,6297.358181
95,Reina_Isabel,2021-04-14T00:00:00Z,prochloro,13977.06328
95,Reina_Isabel,2021-04-14T00:00:00Z,synecho,21146.83596
95,Reina_Isabel,2021-04-14T00:00:00Z,hna,345308.9245
95,Reina_Isabel,2021-04-14T00:00:00Z,lna,135102.9748
96,Reina_Isabel,2021-05-12T00:00:00Z,nanoeuka,719.9616344
96,Reina_Isabel,2021-05-12T00:00:00Z,picoeuka,10755.67359
96,Reina_Isabel,2021-05-12T00:00:00Z,prochloro,18819.41091
96,Reina_Isabel,2021-05-12T00:00:00Z,synecho,9608.884597
96,Reina_Isabel,2021-05-12T00:00:00Z,hna,359243.2791
96,Reina_Isabel,2021-05-12T00:00:00Z,lna,158048.4567
97,Reina_Isabel,2021-06-28T00:00:00Z,nanoeuka,314.4131207
97,Reina_Isabel,2021-06-28T00:00:00Z,picoeuka,6574.937667
97,Reina_Isabel,2021-06-28T00:00:00Z,prochloro,47422.04574
97,Reina_Isabel,2021-06-28T00:00:00Z,synecho,13931.72654
97,Reina_Isabel,2021-06-28T00:00:00Z,hna,619812.4614
97,Reina_Isabel,2021-06-28T00:00:00Z,lna,173040.6513
98,Playa_Chica,2020-04-28T00:00:00Z,nanoeuka,874.5874587
98,Playa_Chica,2020-04-28T00:00:00Z,picoeuka,7988.721805
98,Playa_Chica,2020-04-28T00:00:00Z,prochloro,6948.621554
98,Playa_Chica,2020-04-28T00:00:00Z,synecho,7694.235589
98,Playa_Chica,2020-04-28T00:00:00Z,hna,162130.4348
98,Playa_Chica,2020-04-28T00:00:00Z,lna,173869.5652
99,Playa_Chica,2020-05-26T00:00:00Z,nanoeuka,739.8408553
99,Playa_Chica,2020-05-26T00:00:00Z,picoeuka,3796.439628
99,Playa_Chica,2020-05-26T00:00:00Z,prochloro,13095.97523
99,Playa_Chica,2020-05-26T00:00:00Z,synecho,10379.25697
99,Playa_Chica,2020-05-26T00:00:00Z,hna,336695.6522
99,Playa_Chica,2020-05-26T00:00:00Z,lna,190608.6957
100,Playa_Chica,2020-07-06T00:00:00Z,nanoeuka,893.1097191
100,Playa_Chica,2020-07-06T00:00:00Z,picoeuka,6394.736842
100,Playa_Chica,2020-07-06T00:00:00Z,prochloro,35052.63158
100,Playa_Chica,2020-07-06T00:00:00Z,synecho,27111.84211
100,Playa_Chica,2020-07-06T00:00:00Z,hna,383120.8791
100,Playa_Chica,2020-07-06T00:00:00Z,lna,169758.2418
101,Playa_Chica,2020-08-10T00:00:00Z,nanoeuka,666.0666067
101,Playa_Chica,2020-08-10T00:00:00Z,picoeuka,4223.057644
101,Playa_Chica,2020-08-10T00:00:00Z,prochloro,36196.74185
101,Playa_Chica,2020-08-10T00:00:00Z,synecho,28182.95739
101,Playa_Chica,2020-08-10T00:00:00Z,hna,474508.4746
101,Playa_Chica,2020-08-10T00:00:00Z,lna,149796.6102
102,Playa_Chica,2020-08-31T00:00:00Z,nanoeuka,833.45648
102,Playa_Chica,2020-08-31T00:00:00Z,picoeuka,3947.368421
102,Playa_Chica,2020-08-31T00:00:00Z,prochloro,53404.0747
102,Playa_Chica,2020-08-31T00:00:00Z,synecho,21188.45501
102,Playa_Chica,2020-08-31T00:00:00Z,hna,832899.4083
102,Playa_Chica,2020-08-31T00:00:00Z,lna,197751.4793
103,Playa_Chica,2020-10-05T00:00:00Z,nanoeuka,367.5816683
103,Playa_Chica,2020-10-05T00:00:00Z,picoeuka,2521.222411
103,Playa_Chica,2020-10-05T00:00:00Z,prochloro,45821.3073
103,Playa_Chica,2020-10-05T00:00:00Z,synecho,12771.64686
103,Playa_Chica,2020-10-05T00:00:00Z,hna,584378.6982
103,Playa_Chica,2020-10-05T00:00:00Z,lna,192831.7836
104,Playa_Chica,2020-11-02T00:00:00Z,nanoeuka,811.2811281
104,Playa_Chica,2020-11-02T00:00:00Z,picoeuka,9310.776942
104,Playa_Chica,2020-11-02T00:00:00Z,prochloro,69667.9198
104,Playa_Chica,2020-11-02T00:00:00Z,synecho,9736.842105
104,Playa_Chica,2020-11-02T00:00:00Z,hna,396708.0745
104,Playa_Chica,2020-11-02T00:00:00Z,lna,146552.795
105,Playa_Chica,2020-12-01T00:00:00Z,nanoeuka,279.2528653
105,Playa_Chica,2020-12-01T00:00:00Z,picoeuka,3276.182881
105,Playa_Chica,2020-12-01T00:00:00Z,prochloro,46776.98033
105,Playa_Chica,2020-12-01T00:00:00Z,synecho,5502.392344
105,Playa_Chica,2020-12-01T00:00:00Z,hna,185992.674
105,Playa_Chica,2020-12-01T00:00:00Z,lna,109069.5971
106,Playa_Chica,2021-01-18T00:00:00Z,nanoeuka,649.1377615
106,Playa_Chica,2021-01-18T00:00:00Z,picoeuka,6869.281046
106,Playa_Chica,2021-01-18T00:00:00Z,prochloro,40248.36601
106,Playa_Chica,2021-01-18T00:00:00Z,synecho,10411.76471
106,Playa_Chica,2021-01-18T00:00:00Z,hna,212802.1978
106,Playa_Chica,2021-01-18T00:00:00Z,lna,154038.4615
107,Playa_Chica,2021-03-02T00:00:00Z,nanoeuka,744.4447216
107,Playa_Chica,2021-03-02T00:00:00Z,picoeuka,10518.06633
107,Playa_Chica,2021-03-02T00:00:00Z,prochloro,7566.820657
107,Playa_Chica,2021-03-02T00:00:00Z,synecho,12931.03448
107,Playa_Chica,2021-03-02T00:00:00Z,hna,237747.0356
107,Playa_Chica,2021-03-02T00:00:00Z,lna,285456.8705
108,Playa_Chica,2021-04-14T00:00:00Z,nanoeuka,1083.342563
108,Playa_Chica,2021-04-14T00:00:00Z,picoeuka,5977.882449
108,Playa_Chica,2021-04-14T00:00:00Z,prochloro,11906.61479
108,Playa_Chica,2021-04-14T00:00:00Z,synecho,19604.75118
108,Playa_Chica,2021-04-14T00:00:00Z,hna,307798.627
108,Playa_Chica,2021-04-14T00:00:00Z,lna,149491.9908
109,Playa_Chica,2021-05-12T00:00:00Z,nanoeuka,672.6117124
109,Playa_Chica,2021-05-12T00:00:00Z,picoeuka,9060.382563
109,Playa_Chica,2021-05-12T00:00:00Z,prochloro,16135.99568
109,Playa_Chica,2021-05-12T00:00:00Z,synecho,8418.780356
109,Playa_Chica,2021-05-12T00:00:00Z,hna,365051.4437
109,Playa_Chica,2021-05-12T00:00:00Z,lna,161865.2506
110,Playa_Chica,2021-06-28T00:00:00Z,nanoeuka,469.2011186
110,Playa_Chica,2021-06-28T00:00:00Z,picoeuka,5422.20937
110,Playa_Chica,2021-06-28T00:00:00Z,prochloro,42032.96703
110,Playa_Chica,2021-06-28T00:00:00Z,synecho,13527.63778
110,Playa_Chica,2021-06-28T00:00:00Z,hna,538241.2209
110,Playa_Chica,2021-06-28T00:00:00Z,lna,180875.3594
111,Pena_la_Vieja,2020-04-28T00:00:00Z,nanoeuka,310.9926377
111,Pena_la_Vieja,2020-04-28T00:00:00Z,picoeuka,1985.683162
111,Pena_la_Vieja,2020-04-28T00:00:00Z,prochloro,1848.739496
111,Pena_la_Vieja,2020-04-28T00:00:00Z,synecho,2172.424525
111,Pena_la_Vieja,2020-04-28T00:00:00Z,hna,81847.82609
111,Pena_la_Vieja,2020-04-28T00:00:00Z,lna,70076.08696
112,Pena_la_Vieja,2020-05-26T00:00:00Z,nanoeuka,400.8989856
112,Pena_la_Vieja,2020-05-26T00:00:00Z,picoeuka,1956.26935
112,Pena_la_Vieja,2020-05-26T00:00:00Z,prochloro,4353.71517
112,Pena_la_Vieja,2020-05-26T00:00:00Z,synecho,5323.142415
112,Pena_la_Vieja,2020-05-26T00:00:00Z,hna,235560.4396
112,Pena_la_Vieja,2020-05-26T00:00:00Z,lna,85010.98901
113,Pena_la_Vieja,2020-07-06T00:00:00Z,nanoeuka,467.4344986
113,Pena_la_Vieja,2020-07-06T00:00:00Z,picoeuka,2183.006536
113,Pena_la_Vieja,2020-07-06T00:00:00Z,prochloro,13032.67974
113,Pena_la_Vieja,2020-07-06T00:00:00Z,synecho,9849.673203
113,Pena_la_Vieja,2020-07-06T00:00:00Z,hna,271604.3956
113,Pena_la_Vieja,2020-07-06T00:00:00Z,lna,89010.98901
114,Pena_la_Vieja,2020-08-10T00:00:00Z,nanoeuka,332.3299217
114,Pena_la_Vieja,2020-08-10T00:00:00Z,picoeuka,1459.899749
114,Pena_la_Vieja,2020-08-10T00:00:00Z,prochloro,16842.10526
114,Pena_la_Vieja,2020-08-10T00:00:00Z,synecho,12600.25063
114,Pena_la_Vieja,2020-08-10T00:00:00Z,hna,312945.6522
114,Pena_la_Vieja,2020-08-10T00:00:00Z,lna,83576.08696
115,Pena_la_Vieja,2020-08-31T00:00:00Z,nanoeuka,589.9216787
115,Pena_la_Vieja,2020-08-31T00:00:00Z,picoeuka,2266.55348
115,Pena_la_Vieja,2020-08-31T00:00:00Z,prochloro,34972.41087
115,Pena_la_Vieja,2020-08-31T00:00:00Z,synecho,12529.71138
115,Pena_la_Vieja,2020-08-31T00:00:00Z,hna,428779.2642
115,Pena_la_Vieja,2020-08-31T00:00:00Z,lna,143929.7659
116,Pena_la_Vieja,2020-10-05T00:00:00Z,nanoeuka,637.9320567
116,Pena_la_Vieja,2020-10-05T00:00:00Z,picoeuka,3149.905123
116,Pena_la_Vieja,2020-10-05T00:00:00Z,prochloro,26432.63757
116,Pena_la_Vieja,2020-10-05T00:00:00Z,synecho,5698.924731
116,Pena_la_Vieja,2020-10-05T00:00:00Z,hna,376304.3478
116,Pena_la_Vieja,2020-10-05T00:00:00Z,lna,113478.2609
117,Pena_la_Vieja,2020-11-02T00:00:00Z,nanoeuka,746.4746475
117,Pena_la_Vieja,2020-11-02T00:00:00Z,picoeuka,2527.233115
117,Pena_la_Vieja,2020-11-02T00:00:00Z,prochloro,23286.64799
117,Pena_la_Vieja,2020-11-02T00:00:00Z,synecho,4618.736383
117,Pena_la_Vieja,2020-11-02T00:00:00Z,hna,218338.5093
117,Pena_la_Vieja,2020-11-02T00:00:00Z,lna,96521.73913
118,Pena_la_Vieja,2020-12-01T00:00:00Z,nanoeuka,257.487049
118,Pena_la_Vieja,2020-12-01T00:00:00Z,picoeuka,2372.408293
118,Pena_la_Vieja,2020-12-01T00:00:00Z,prochloro,27438.86231
118,Pena_la_Vieja,2020-12-01T00:00:00Z,synecho,3216.374269
118,Pena_la_Vieja,2020-12-01T00:00:00Z,hna,137728.9377
118,Pena_la_Vieja,2020-12-01T00:00:00Z,lna,83604.3956
119,Pena_la_Vieja,2021-01-18T00:00:00Z,nanoeuka,268.4092803
119,Pena_la_Vieja,2021-01-18T00:00:00Z,picoeuka,3104.575163
119,Pena_la_Vieja,2021-01-18T00:00:00Z,prochloro,11006.53595
119,Pena_la_Vieja,2021-01-18T00:00:00Z,synecho,3647.058824
119,Pena_la_Vieja,2021-01-18T00:00:00Z,hna,131168.4783
119,Pena_la_Vieja,2021-01-18T00:00:00Z,lna,88288.04348
120,Pena_la_Vieja,2021-03-02T00:00:00Z,nanoeuka,422.7248921
120,Pena_la_Vieja,2021-03-02T00:00:00Z,picoeuka,5320.904141
120,Pena_la_Vieja,2021-03-02T00:00:00Z,prochloro,3440.026398
120,Pena_la_Vieja,2021-03-02T00:00:00Z,synecho,5852.994555
120,Pena_la_Vieja,2021-03-02T00:00:00Z,hna,122657.5215
120,Pena_la_Vieja,2021-03-02T00:00:00Z,lna,198895.6057
121,Pena_la_Vieja,2021-04-14T00:00:00Z,nanoeuka,613.6176887
121,Pena_la_Vieja,2021-04-14T00:00:00Z,picoeuka,2733.975015
121,Pena_la_Vieja,2021-04-14T00:00:00Z,prochloro,8128.199877
121,Pena_la_Vieja,2021-04-14T00:00:00Z,synecho,7833.299201
121,Pena_la_Vieja,2021-04-14T00:00:00Z,hna,225775.7437
121,Pena_la_Vieja,2021-04-14T00:00:00Z,lna,70874.14188
122,Pena_la_Vieja,2021-05-12T00:00:00Z,nanoeuka,408.0704561
122,Pena_la_Vieja,2021-05-12T00:00:00Z,picoeuka,3831.624393
122,Pena_la_Vieja,2021-05-12T00:00:00Z,prochloro,10541.46429
122,Pena_la_Vieja,2021-05-12T00:00:00Z,synecho,2848.234095
122,Pena_la_Vieja,2021-05-12T00:00:00Z,hna,173050.1162
122,Pena_la_Vieja,2021-05-12T00:00:00Z,lna,81314.30468
123,Pena_la_Vieja,2021-06-28T00:00:00Z,nanoeuka,307.1574333
123,Pena_la_Vieja,2021-06-28T00:00:00Z,picoeuka,2286.623151
123,Pena_la_Vieja,2021-06-28T00:00:00Z,prochloro,20207.79972
123,Pena_la_Vieja,2021-06-28T00:00:00Z,synecho,4641.41122
123,Pena_la_Vieja,2021-06-28T00:00:00Z,hna,321590.3051
123,Pena_la_Vieja,2021-06-28T00:00:00Z,lna,106038.0568
124,Pena_la_Vieja,2021-07-27T00:00:00Z,nanoeuka,301.359582
124,Pena_la_Vieja,2021-07-27T00:00:00Z,picoeuka,2639.517345
124,Pena_la_Vieja,2021-07-27T00:00:00Z,prochloro,9078.779441
124,Pena_la_Vieja,2021-07-27T00:00:00Z,synecho,3788.142476
124,Pena_la_Vieja,2021-07-27T00:00:00Z,hna,197372.8597
124,Pena_la_Vieja,2021-07-27T00:00:00Z,lna,62346.02607
125,Pena_la_Vieja,2021-12-13T00:00:00Z,nanoeuka,119.3000375
125,Pena_la_Vieja,2021-12-13T00:00:00Z,picoeuka,3187.45098
125,Pena_la_Vieja,2021-12-13T00:00:00Z,prochloro,4417.254902
125,Pena_la_Vieja,2021-12-13T00:00:00Z,synecho,3128.888889
125,Pena_la_Vieja,2021-12-13T00:00:00Z,hna,86425.24124
125,Pena_la_Vieja,2021-12-13T00:00:00Z,lna,73316.70823
126,Pena_la_Vieja,2022-01-24T00:00:00Z,nanoeuka,107.1265643
126,Pena_la_Vieja,2022-01-24T00:00:00Z,picoeuka,4926.315789
126,Pena_la_Vieja,2022-01-24T00:00:00Z,prochloro,2745.263158
126,Pena_la_Vieja,2022-01-24T00:00:00Z,synecho,2778.947368
126,Pena_la_Vieja,2022-01-24T00:00:00Z,hna,69511.0051
126,Pena_la_Vieja,2022-01-24T00:00:00Z,lna,93353.57259
127,Pena_la_Vieja,2022-02-15T00:00:00Z,nanoeuka,65.73675534
127,Pena_la_Vieja,2022-02-15T00:00:00Z,picoeuka,5877.894737
127,Pena_la_Vieja,2022-02-15T00:00:00Z,prochloro,3915.789474
127,Pena_la_Vieja,2022-02-15T00:00:00Z,synecho,2181.052632
127,Pena_la_Vieja,2022-02-15T00:00:00Z,hna,70812.10018
127,Pena_la_Vieja,2022-02-15T00:00:00Z,lna,56369.9447
128,Pena_la_Vieja,2022-03-21T00:00:00Z,nanoeuka,145.3440144
128,Pena_la_Vieja,2022-03-21T00:00:00Z,picoeuka,3614.117647
128,Pena_la_Vieja,2022-03-21T00:00:00Z,prochloro,7504.313725
128,Pena_la_Vieja,2022-03-21T00:00:00Z,synecho,8541.699346
128,Pena_la_Vieja,2022-03-21T00:00:00Z,hna,43619.21284
128,Pena_la_Vieja,2022-03-21T00:00:00Z,lna,112479.6704
129,Pena_la_Vieja,2022-04-18T00:00:00Z,nanoeuka,20.69490446
129,Pena_la_Vieja,2022-04-18T00:00:00Z,picoeuka,2116.601307
129,Pena_la_Vieja,2022-04-18T00:00:00Z,prochloro,3998.954248
129,Pena_la_Vieja,2022-04-18T00:00:00Z,synecho,3890.196078
129,Pena_la_Vieja,2022-04-18T00:00:00Z,hna,47717.66237
129,Pena_la_Vieja,2022-04-18T00:00:00Z,lna,59460.04554
130,Pena_la_Vieja,2022-05-16T00:00:00Z,nanoeuka,57.21532409
130,Pena_la_Vieja,2022-05-16T00:00:00Z,picoeuka,384.8366013
130,Pena_la_Vieja,2022-05-16T00:00:00Z,prochloro,2626.928105
130,Pena_la_Vieja,2022-05-16T00:00:00Z,synecho,2166.797386
130,Pena_la_Vieja,2022-05-16T00:00:00Z,hna,131188.1586
130,Pena_la_Vieja,2022-05-16T00:00:00Z,lna,47204.56922
131,Pena_la_Vieja,2022-06-14T00:00:00Z,nanoeuka,57.21532409
131,Pena_la_Vieja,2022-06-14T00:00:00Z,picoeuka,2434.509804
131,Pena_la_Vieja,2022-06-14T00:00:00Z,prochloro,4793.72549
131,Pena_la_Vieja,2022-06-14T00:00:00Z,synecho,2643.660131
131,Pena_la_Vieja,2022-06-14T00:00:00Z,hna,79659.54679
131,Pena_la_Vieja,2022-06-14T00:00:00Z,lna,47099.6422
132,Pena_la_Vieja,2022-07-28T00:00:00Z,nanoeuka,234.5046283
132,Pena_la_Vieja,2022-07-28T00:00:00Z,picoeuka,2265.263158
132,Pena_la_Vieja,2022-07-28T00:00:00Z,prochloro,7334.736842
132,Pena_la_Vieja,2022-07-28T00:00:00Z,synecho,5448.421053
132,Pena_la_Vieja,2022-07-28T00:00:00Z,hna,202352.8136
132,Pena_la_Vieja,2022-07-28T00:00:00Z,lna,65998.04836
133,Pena_la_Vieja,2022-08-25T00:00:00Z,nanoeuka,58.43267141
133,Pena_la_Vieja,2022-08-25T00:00:00Z,picoeuka,1338.947368
133,Pena_la_Vieja,2022-08-25T00:00:00Z,prochloro,19242.10526
133,Pena_la_Vieja,2022-08-25T00:00:00Z,synecho,5734.736842
133,Pena_la_Vieja,2022-08-25T00:00:00Z,hna,153999.6163
133,Pena_la_Vieja,2022-08-25T00:00:00Z,lna,60573.84012
134,Pena_la_Vieja,2022-10-10T00:00:00Z,nanoeuka,393.5489619
134,Pena_la_Vieja,2022-10-10T00:00:00Z,picoeuka,1062.232066
134,Pena_la_Vieja,2022-10-10T00:00:00Z,prochloro,6957.976484
134,Pena_la_Vieja,2022-10-10T00:00:00Z,synecho,2694.790073
134,Pena_la_Vieja,2022-10-10T00:00:00Z,hna,111336.6394
134,Pena_la_Vieja,2022-10-10T00:00:00Z,lna,29166.18614
135,Pena_la_Vieja,2022-11-10T00:00:00Z,nanoeuka,490.1136258
135,Pena_la_Vieja,2022-11-10T00:00:00Z,picoeuka,1763.537273
135,Pena_la_Vieja,2022-11-10T00:00:00Z,prochloro,11204.48179
135,Pena_la_Vieja,2022-11-10T00:00:00Z,synecho,1983.094123
135,Pena_la_Vieja,2022-11-10T00:00:00Z,hna,108119.0174
135,Pena_la_Vieja,2022-11-10T00:00:00Z,lna,74835.65909
136,Pena_la_Vieja,2023-01-24T00:00:00Z,nanoeuka,169.2535745
136,Pena_la_Vieja,2023-01-24T00:00:00Z,picoeuka,1475.718373
136,Pena_la_Vieja,2023-01-24T00:00:00Z,prochloro,1703.84875
136,Pena_la_Vieja,2023-01-24T00:00:00Z,synecho,6687.071661
136,Pena_la_Vieja,2023-01-24T00:00:00Z,hna,79883.63139
136,Pena_la_Vieja,2023-01-24T00:00:00Z,lna,51031.06015
137,Pena_la_Vieja,2023-02-22T00:00:00Z,nanoeuka,154.117076
137,Pena_la_Vieja,2023-02-22T00:00:00Z,picoeuka,2145.99114
137,Pena_la_Vieja,2023-02-22T00:00:00Z,prochloro,3888.280976
137,Pena_la_Vieja,2023-02-22T00:00:00Z,synecho,1706.877441
137,Pena_la_Vieja,2023-02-22T00:00:00Z,hna,157421.2894
137,Pena_la_Vieja,2023-02-22T00:00:00Z,lna,69680.54434
138,Pena_la_Vieja,2023-03-30T00:00:00Z,nanoeuka,434.7795793
138,Pena_la_Vieja,2023-03-30T00:00:00Z,picoeuka,2454.33593
138,Pena_la_Vieja,2023-03-30T00:00:00Z,prochloro,5261.482649
138,Pena_la_Vieja,2023-03-30T00:00:00Z,synecho,9840.353118
138,Pena_la_Vieja,2023-03-30T00:00:00Z,hna,117460.5005
138,Pena_la_Vieja,2023-03-30T00:00:00Z,lna,114588.8594
139,Pena_la_Vieja,2023-04-30T00:00:00Z,nanoeuka,NA
139,Pena_la_Vieja,2023-04-30T00:00:00Z,picoeuka,NA
139,Pena_la_Vieja,2023-04-30T00:00:00Z,prochloro,NA
139,Pena_la_Vieja,2023-04-30T00:00:00Z,synecho,NA
139,Pena_la_Vieja,2023-04-30T00:00:00Z,hna,NA
139,Pena_la_Vieja,2023-04-30T00:00:00Z,lna,NA
140,Cicer,2020-04-28T00:00:00Z,nanoeuka,620.7159177
140,Cicer,2020-04-28T00:00:00Z,picoeuka,6336.756925
140,Cicer,2020-04-28T00:00:00Z,prochloro,7264.239029
140,Cicer,2020-04-28T00:00:00Z,synecho,5322.128852
140,Cicer,2020-04-28T00:00:00Z,hna,229945.0549
140,Cicer,2020-04-28T00:00:00Z,lna,175384.6154
141,Cicer,2020-05-26T00:00:00Z,nanoeuka,518.0189331
141,Cicer,2020-05-26T00:00:00Z,picoeuka,3477.167183
141,Cicer,2020-05-26T00:00:00Z,prochloro,9827.786378
141,Cicer,2020-05-26T00:00:00Z,synecho,8452.012384
141,Cicer,2020-05-26T00:00:00Z,hna,256000
141,Cicer,2020-05-26T00:00:00Z,lna,107608.6957
142,Cicer,2020-07-06T00:00:00Z,nanoeuka,724.7255338
142,Cicer,2020-07-06T00:00:00Z,picoeuka,4572.368421
142,Cicer,2020-07-06T00:00:00Z,prochloro,38809.21053
142,Cicer,2020-07-06T00:00:00Z,synecho,27907.89474
142,Cicer,2020-07-06T00:00:00Z,hna,293362.6374
142,Cicer,2020-07-06T00:00:00Z,lna,202461.5385
143,Cicer,2020-08-10T00:00:00Z,nanoeuka,390.0390039
143,Cicer,2020-08-10T00:00:00Z,picoeuka,1378.446115
143,Cicer,2020-08-10T00:00:00Z,prochloro,22976.19048
143,Cicer,2020-08-10T00:00:00Z,synecho,19223.05764
143,Cicer,2020-08-10T00:00:00Z,hna,354725.2747
143,Cicer,2020-08-10T00:00:00Z,lna,114461.5385
144,Cicer,2020-08-31T00:00:00Z,nanoeuka,326.2893454
144,Cicer,2020-08-31T00:00:00Z,picoeuka,2479.44339
144,Cicer,2020-08-31T00:00:00Z,prochloro,31448.45035
144,Cicer,2020-08-31T00:00:00Z,synecho,11979.75965
144,Cicer,2020-08-31T00:00:00Z,hna,378010.0334
144,Cicer,2020-08-31T00:00:00Z,lna,146086.9565
145,NA,2020-10-05T00:00:00Z,nanoeuka,NA
145,NA,2020-10-05T00:00:00Z,picoeuka,NA
145,NA,2020-10-05T00:00:00Z,prochloro,NA
145,NA,2020-10-05T00:00:00Z,synecho,NA
145,NA,2020-10-05T00:00:00Z,hna,NA
145,NA,2020-10-05T00:00:00Z,lna,NA
146,Cicer,2020-11-02T00:00:00Z,nanoeuka,915.6915692
146,Cicer,2020-11-02T00:00:00Z,picoeuka,8045.112782
146,Cicer,2020-11-02T00:00:00Z,prochloro,45357.14286
146,Cicer,2020-11-02T00:00:00Z,synecho,8095.238095
146,Cicer,2020-11-02T00:00:00Z,hna,441051.8053
146,Cicer,2020-11-02T00:00:00Z,lna,132056.5149
147,Cicer,2020-12-01T00:00:00Z,nanoeuka,596.6415845
147,Cicer,2020-12-01T00:00:00Z,picoeuka,4784.688995
147,Cicer,2020-12-01T00:00:00Z,prochloro,59316.85274
147,Cicer,2020-12-01T00:00:00Z,synecho,7369.750133
147,Cicer,2020-12-01T00:00:00Z,hna,195478.2609
147,Cicer,2020-12-01T00:00:00Z,lna,162724.6377
148,Cicer,2021-01-18T00:00:00Z,nanoeuka,493.0824208
148,Cicer,2021-01-18T00:00:00Z,picoeuka,4967.320261
148,Cicer,2021-01-18T00:00:00Z,prochloro,27764.70588
148,Cicer,2021-01-18T00:00:00Z,synecho,7143.79085
148,Cicer,2021-01-18T00:00:00Z,hna,186236.413
148,Cicer,2021-01-18T00:00:00Z,lna,108953.8043
149,Cicer,2021-03-02T00:00:00Z,nanoeuka,766.9274526
149,Cicer,2021-03-02T00:00:00Z,picoeuka,10078.78238
149,Cicer,2021-03-02T00:00:00Z,prochloro,6323.213991
149,Cicer,2021-03-02T00:00:00Z,synecho,12058.65369
149,Cicer,2021-03-02T00:00:00Z,hna,211869.3327
149,Cicer,2021-03-02T00:00:00Z,lna,293408.5096
150,Cicer,2021-04-14T00:00:00Z,nanoeuka,786.0805014
150,Cicer,2021-04-14T00:00:00Z,picoeuka,5859.464408
150,Cicer,2021-04-14T00:00:00Z,prochloro,14227.51202
150,Cicer,2021-04-14T00:00:00Z,synecho,18512.24537
150,Cicer,2021-04-14T00:00:00Z,hna,405737.4205
150,Cicer,2021-04-14T00:00:00Z,lna,120569.1151
151,Cicer,2021-05-12T00:00:00Z,nanoeuka,559.1174309
151,Cicer,2021-05-12T00:00:00Z,picoeuka,7140.270401
151,Cicer,2021-05-12T00:00:00Z,prochloro,13375.18107
151,Cicer,2021-05-12T00:00:00Z,synecho,6705.697731
151,Cicer,2021-05-12T00:00:00Z,hna,242283.4384
151,Cicer,2021-05-12T00:00:00Z,lna,140092.9306
152,Cicer,2021-06-28T00:00:00Z,nanoeuka,288.7619433
152,Cicer,2021-06-28T00:00:00Z,picoeuka,3618.937454
152,Cicer,2021-06-28T00:00:00Z,prochloro,22289.92812
152,Cicer,2021-06-28T00:00:00Z,synecho,7027.183343
152,Cicer,2021-06-28T00:00:00Z,hna,518326.7779
152,Cicer,2021-06-28T00:00:00Z,lna,98416.07314
